id;file_name;file;file_content_type;date_upload;note;created_by;updated_by
1;bypass Right-sized;../fake-data/blob/hipster.png;image/png;2021-04-06T22:16:12;Minnesota Chair payment;Buckinghamshire;Ergonomic
2;Vista;../fake-data/blob/hipster.png;image/png;2021-04-07T10:23:37;Tunisian Cambridgeshire;cyan Mississippi;Shoes
3;generate;../fake-data/blob/hipster.png;image/png;2021-04-07T01:53:07;Consultant;Automotive National;Hawaii front-end
4;withdrawal Ball;../fake-data/blob/hipster.png;image/png;2021-04-07T09:09:44;Lead Forward;Uruguay;Rubber pixel Focused
5;Rustic Rustic cross-platform;../fake-data/blob/hipster.png;image/png;2021-04-06T22:46:51;capacity Implemented;service-desk;technologies application monitoring
6;focus deposit Pants;../fake-data/blob/hipster.png;image/png;2021-04-07T14:05:45;architect;mission-critical plum;protocol
7;Music IB;../fake-data/blob/hipster.png;image/png;2021-04-07T11:51:17;cyan;synthesize Games;grey
8;architectures regional;../fake-data/blob/hipster.png;image/png;2021-04-06T20:08:42;Tunisia auxiliary Berkshire;invoice Passage;Avon
9;Alabama;../fake-data/blob/hipster.png;image/png;2021-04-06T23:48:11;override Rustic Compatible;Carolina;SQL Cotton orange
10;invoice seize;../fake-data/blob/hipster.png;image/png;2021-04-06T21:10:25;seamless quantifying RSS;Radial RAM;CSS auxiliary Tactics
