id;name;quantity;notes;created_by;updated_by
1;SAS structure;Innovative program Granite;Fantastic;Robust Implementation;foreground teal
2;Regional Wooden;lime Regional Krone;needs-based;compress Dynamic;withdrawal feed invoice
3;transmit Prairie Unbranded;functionalities;Small deploy relationships;Niue;technologies
4;granular Kwacha back;calculating;Nevada Music silver;National;demand-driven Account
5;Avon;pixel matrix SAS;benchmark Table;alarm;salmon Account Bedfordshire
6;Planner Carolina;Gorgeous;Refined auxiliary Keyboard;firmware Internal;Chips Island
7;District Dinar;project Iceland Keyboard;Designer;payment Avon stable;feed program
8;compress systematic driver;Devolved Steel;users;online;Avon
9;Forward Total Accounts;payment Steel Licensed;Shoes Ball Quality;Sleek;FTP
10;Intelligent;grid-enabled morph Directives;Soft Technician Movies;Florida;withdrawal
